アイスランド,アクラ
アイルランド,アシガバット
アゼルバイジャン,アスタナ
アフガニスタン,アスマラ
アメリカ,アスンシオン
アラブシュチョウコクレンポウ,アディスアベバ
アルジェリア,アテネ
アルゼンチン,アバルア
アルバニア,アピア
アルメニア,アブジャ
アンゴラ,アブダビ
アンティグアバーブーダ,アムステルダム
アンドラ,アルジェ
イエメン,アロフィ
イギリス,アンカラ
イスラエル,アンタナナリボ
イタリア,アンドララベリャ
イラク,アンマン
イラン,イスラマバード
インド,ウィーン
インドネシア,ウィントフック
ウガンダ,ウェリントン
ウクライナ,ウランバートル
ウズベキスタン,エルサレム
ウルグアイ,エレバン
エクアドル,オスロ
エジプト,オタワ
エストニア,カイロ
エスワティニ,カストリーズ
エチオピア,カトマンズ
エリトリア,カブール
エルサルバドル,カラカス
オーストラリア,カンパラ
オーストリア,キーウ
オマーン,キガリ
オランダ,キシナウ
ガーナ,ギテガ
カーボベルデ,キト
ガイアナ,キャンベラ
カザフスタン,キングスタウン
カタール,キングストン
カナダ,キンシャサ
ガボン,グアテマラシティ
カメルーン,クアラルンプール
ガンビア,クウェート
カンボジア,コナクリ
キタマケドニア,コペンハーゲン
ギニア,ザグレブ
ギニアビサウ,サヌア
キプロス,サラエボ
キューバ,サンサルバドル
ギリシャ,サンティアゴ
キリバス,サントドミンゴ
キルギス,サントメ
グアテマラ,サンホセ
クウェート,サンマリノ
クックショトウ,ジブチ
グレナダ,ジャカルタ
クロアチア,ジュバ
ケニア,ジョージタウン
コートジボワール,シンガポール
コスタリカ,スコピエ
コソボ,ストックホルム
コモロ,スバ
コロンビア,スリジャヤワルダナプラコッテ
コンゴキョウワコク,セントジョージズ
コンゴミンシュキョウワコク,セントジョンズ
サウジアラビア,ソウル
サモア,ソフィア
サントメプリンシペ,ダカール
ザンビア,タシケント
サンマリノ,ダッカ
シエラレオネ,ダブリン
ジブチ,ダマスカス
ジャマイカ,タラワ
ジョージア,タリン
シリア,チュニス
シンガポール,ティラナ
ジンバブエ,ディリ
スイス,ティンプー
スウェーデン,テグシガルパ
スーダン,テヘラン
スペイン,デリー
スリナム,トウキョウ
スリランカ,ドゥシャンベ
スロバキア,ドーハ
スロベニア,ドドマ
セーシェル,トビリシ
セキドウギニア,トリポリ
セネガル,ナイロビ
セルビア,ナッソー
セントクリストファーネービス,ニアメ
セントビンセントグレナディーンショトウ,ニコシア
セントルシア,ヌアクショット
ソマリア,ヌクアロファ
ソロモンショトウ,ネピドー
タイ,バクー
ダイカンミンコク,バグダッド
タジキスタン,バセテール
タンザニア,バチカン
チェコ,パナマシティ
チャド,ハノイ
チュウオウアフリカ,ハバナ
チュウカジンミンキョウワコク,ハボローネ
チュニジア,バマコ
チョウセンミンシュシュギジンミンキョウホク,パラマリボ
チリ,ハラレ
ツバル,パリ
デンマーク,パリキール
ドイツ,ハルツーム
トーゴ,バレッタ
ドミニカキョウワコク,バンギ
ドミニカコク,バンコク
トリニダードトバゴ,バンジュール
トルクメニスタン,バンダルスリブガワン
トルコ,ビエンチャン
トンガ,ビクトリア
ナイジェリア,ビサウ
ナウル,ビシュケク
ナミビア,ピョンヤン
ニウエ,ビリニュス
ニカラグア,ファドゥーツ
ニジェール,ブエノスアイレス
ニホン,ブカレスト
ニュージーランド,ブダペスト
ネパール,フナフティ
ノルウェー,プノンペン
バーレーン,プライア
ハイチ,ブラザビル
パキスタン,ブラジリア
バチカンシコク,ブラチスラバ
パナマ,プラハ
バヌアツ,フリータウン
バハマ,プリシュティナ
パプアニューギニア,ブリッジタウン
パラオ,ブリュッセル
パラグアイ,プレトリア
バルバドス,ベイルート
ハンガリー,ベオグラード
バングラデシュ,ペキン
ヒガシティモール,ヘルシンキ
フィジー,ベルモパン
フィリピン,ベルリン
フィンランド,ベルン
ブータン,ポートオブスペイン
ブラジル,ポートビラ
フランス,ポートモレスビー
ブルガリア,ポートルイス
ブルキナファソ,ボゴタ
ブルネイ,ポドゴリツァ
ブルンジ,ホニアラ
ベトナム,ポルトープランス
ベナン,ポルトノボ
ベネズエラ,マジュロ
ベラルーシ,マスカット
ベリーズ,マセル
ペルー,マドリード
ベルギー,マナーマ
ポーランド,マナグア
ボスニアヘルツェゴビナ,マニラ
ボツワナ,マプト
ボリビア,マラボ
ポルトガル,マルキョク
ホンジュラス,マレ
マーシャルショトウ,ミンスク
マダガスカル,ムババーネ
マラウイ,メキシコシティ
マリ,モガディシュ
マルタ,モスクワ
マレーシア,モナコ
ミクロネシアレンポウ,モロニ
ミナミアフリカキョウワコク,モンテビデオ
ミナミスーダン,モンロビア
ミャンマー,ヤウンデ
メキシコ,ヤムスクロ
モーリシャス,ヤレン
モーリタニア,ラパス
モザンビーク,ラバト
モナコ,リーブルビル
モルディブ,リガ
モルドバ,リスボン
モロッコ,リマ
モンゴル,リヤド
モンテネグロ,リュブリャナ
ヨルダン,リロングウェ
ラオス,ルアンダ
ラトビア,ルクセンブルク
リトアニア,ルサカ
リビア,レイキャビク
リヒテンシュタイン,ローマ
リベリア,ロゾー
ルーマニア,ロメ
ルクセンブルク,ロンドン
ルワンダ,ワガドゥグー
レソト,ワシントンD.C.
レバノン,ワルシャワ
ロシア,ンジャメナ
